case,estimate
bt, 0
cg, 0
ep, 0
ft, 0
is, 0
lu, 0
mg, 0
sp, 0
ua, 0
quest, 0.022596622114992068
backprop, 0.8793081946197774
