case,speedup
is, 1.0032786885245903
ua, 1.0416560184002044
quest, 1.0578313253012046
backprop, 1.129032258064516
